"Informazioni cronologiche","Età","Sesso","Sistema operativo utilizzato","Quanto tempo passi su un'applicazione social","Come valuti un'applicazione","Preferisci white(1) o black(2) theme","Quale preferisci","Quale preferisci","Quale preferisci","Quale preferisci","Quale preferisci","Dai un voto all'interfaccia dell'app di instagram","Dai un voto all'interfaccia dell'app di twitter","Dai un voto all'interfaccia dell'app di facebook ","Come valuti, in generale, le interfacce utente dell'app di google maps"
"2021/11/08 5:58:05 PM CET",">18","Maschile","Android","poco","per me sono importanti le funzionalità offerte dal sistema","1","opzione a destra","opzione a sinistra","opzione a sinistra","opzione a destra","opzione a sinistra","","","",""
"2021/11/08 8:54:50 PM CET",">18","Maschile","Android","tanto","per me sono importanti le funzionalità offerte dal sistema","2","opzione a sinistra","opzione a destra","opzione a sinistra","opzione a sinistra","opzione a sinistra","7-9","7-9","7-9","sufficiente"
"2021/11/08 9:01:24 PM CET",">18","Femminile","Android","tanto","ci deve essere un giusto mezzo tra interfacce e funzionalità offerte","1","opzione a sinistra","opzione a destra","opzione a destra","opzione a destra","opzione a sinistra","7-9","4-6","0-3","mediocre"
"2021/11/08 9:05:37 PM CET",">18","Femminile","Android","tanto","ci deve essere un giusto mezzo tra interfacce e funzionalità offerte","1","opzione a sinistra","opzione a sinistra","opzione a sinistra","opzione a destra","opzione a sinistra","7-9","7-9","7-9","sufficiente"
"2021/11/08 9:06:16 PM CET",">18","Femminile","Android","sufficiente","ci deve essere un giusto mezzo tra interfacce e funzionalità offerte","2","opzione a sinistra","opzione a destra","opzione a destra","opzione a destra","opzione a sinistra","7-9","4-6","0-3","sufficiente"
"2021/11/08 9:07:21 PM CET",">18","Maschile","Android","sufficiente","ci deve essere un giusto mezzo tra interfacce e funzionalità offerte","2","opzione a sinistra","opzione a destra","opzione a sinistra","opzione a destra","opzione a destra","7-9","10","7-9","sufficiente"
"2021/11/08 9:08:28 PM CET",">18","Maschile","Android","tanto","per me è importante l'effetto visivo delle interfacce che compongono l'applicazione","2","opzione a sinistra","opzione a sinistra","opzione a destra","opzione a destra","opzione a destra","7-9","4-6","4-6","sufficiente"
"2021/11/08 9:11:10 PM CET",">18","Femminile","Ios","sufficiente","ci deve essere un giusto mezzo tra interfacce e funzionalità offerte","1","opzione a sinistra","opzione a destra","opzione a destra","opzione a destra","opzione a sinistra","7-9","7-9","7-9","eccellente"
"2021/11/08 9:15:17 PM CET",">18","No-gender","Ios","sufficiente","ci deve essere un giusto mezzo tra interfacce e funzionalità offerte","2","opzione a sinistra","opzione a destra","opzione a destra","opzione a sinistra","opzione a sinistra","7-9","0-3","4-6","sufficiente"
"2021/11/08 9:17:54 PM CET",">18","Femminile","Android","tanto","ci deve essere un giusto mezzo tra interfacce e funzionalità offerte","1","opzione a sinistra","opzione a destra","opzione a destra","opzione a destra","opzione a sinistra","7-9","10","4-6","mediocre"
"2021/11/08 9:18:26 PM CET",">18","Maschile","Android","tanto","ci deve essere un giusto mezzo tra interfacce e funzionalità offerte","1","opzione a sinistra","opzione a sinistra","opzione a sinistra","opzione a sinistra","opzione a sinistra","7-9","0-3","7-9","sufficiente"
"2021/11/08 9:19:00 PM CET",">18","Maschile","Android","poco","per me sono importanti le funzionalità offerte dal sistema","1","opzione a sinistra","opzione a sinistra","opzione a sinistra","opzione a sinistra","opzione a sinistra","7-9","7-9","7-9","sufficiente"
"2021/11/08 9:20:07 PM CET",">18","Maschile","Ios","tanto","ci deve essere un giusto mezzo tra interfacce e funzionalità offerte","1","opzione a sinistra","opzione a sinistra","opzione a sinistra","opzione a sinistra","opzione a sinistra","7-9","4-6","4-6","sufficiente"
"2021/11/08 9:22:36 PM CET",">18","Femminile","Ios","sufficiente","ci deve essere un giusto mezzo tra interfacce e funzionalità offerte","1","opzione a sinistra","opzione a sinistra","opzione a destra","opzione a destra","opzione a sinistra","7-9","4-6","7-9","sufficiente"
"2021/11/08 9:22:59 PM CET","<18","Maschile","Android","sufficiente","ci deve essere un giusto mezzo tra interfacce e funzionalità offerte","2","opzione a sinistra","opzione a destra","opzione a sinistra","opzione a destra","opzione a destra","7-9","4-6","0-3","sufficiente"
"2021/11/08 9:23:30 PM CET",">18","Femminile","Ios","sufficiente","ci deve essere un giusto mezzo tra interfacce e funzionalità offerte","1","opzione a sinistra","opzione a sinistra","opzione a sinistra","opzione a destra","opzione a sinistra","7-9","4-6","4-6","sufficiente"
"2021/11/08 9:23:56 PM CET",">18","Femminile","Ios","sufficiente","per me sono importanti le funzionalità offerte dal sistema","2","opzione a sinistra","opzione a sinistra","opzione a sinistra","opzione a destra","opzione a sinistra","7-9","10","7-9","sufficiente"
"2021/11/08 9:26:42 PM CET","<18","Maschile","Ios","tanto","ci deve essere un giusto mezzo tra interfacce e funzionalità offerte","2","opzione a sinistra","opzione a sinistra","opzione a sinistra","opzione a destra","opzione a sinistra","7-9","7-9","4-6","sufficiente"
"2021/11/08 9:27:48 PM CET","<18","Femminile","Android","tanto","ci deve essere un giusto mezzo tra interfacce e funzionalità offerte","1","opzione a sinistra","opzione a destra","opzione a destra","opzione a destra","opzione a sinistra","7-9","4-6","4-6","sufficiente"
"2021/11/08 9:30:06 PM CET","<18","Femminile","Ios","tanto","ci deve essere un giusto mezzo tra interfacce e funzionalità offerte","1","opzione a sinistra","opzione a sinistra","opzione a sinistra","opzione a destra","opzione a sinistra","4-6","4-6","0-3","sufficiente"
"2021/11/08 9:31:00 PM CET",">18","Femminile","Android","tanto","ci deve essere un giusto mezzo tra interfacce e funzionalità offerte","1","opzione a destra","opzione a sinistra","opzione a sinistra","opzione a sinistra","opzione a sinistra","4-6","4-6","0-3","dovrebbe essere rifatta"
"2021/11/08 9:31:13 PM CET",">18","Femminile","Ios","tanto","ci deve essere un giusto mezzo tra interfacce e funzionalità offerte","2","opzione a sinistra","opzione a sinistra","opzione a sinistra","opzione a destra","opzione a destra","7-9","4-6","7-9","mediocre"
"2021/11/08 9:31:25 PM CET",">18","Femminile","Ios","sufficiente","ci deve essere un giusto mezzo tra interfacce e funzionalità offerte","1","opzione a sinistra","opzione a destra","opzione a destra","opzione a destra","opzione a sinistra","7-9","10","4-6","eccellente"
"2021/11/08 9:32:16 PM CET",">18","Maschile","Ios","sufficiente","ci deve essere un giusto mezzo tra interfacce e funzionalità offerte","1","opzione a sinistra","opzione a sinistra","opzione a destra","opzione a sinistra","opzione a sinistra","7-9","7-9","7-9","eccellente"
"2021/11/08 9:33:41 PM CET",">18","Femminile","Ios","tanto","per me sono importanti le funzionalità offerte dal sistema","1","opzione a sinistra","opzione a destra","opzione a sinistra","opzione a destra","opzione a destra","7-9","10","7-9","eccellente"
"2021/11/08 9:34:47 PM CET",">18","Femminile","Android","tanto","per me è importante l'effetto visivo delle interfacce che compongono l'applicazione","1","opzione a sinistra","opzione a destra","opzione a destra","opzione a sinistra","opzione a sinistra","7-9","10","4-6","sufficiente"
"2021/11/08 9:36:24 PM CET",">18","Femminile","Android","sufficiente","per me è importante l'effetto visivo delle interfacce che compongono l'applicazione","2","opzione a sinistra","opzione a sinistra","opzione a sinistra","opzione a destra","opzione a sinistra","4-6","4-6","7-9","sufficiente"
"2021/11/08 9:36:59 PM CET",">18","Maschile","Ios","tanto","ci deve essere un giusto mezzo tra interfacce e funzionalità offerte","2","opzione a sinistra","opzione a destra","opzione a destra","opzione a sinistra","opzione a sinistra","4-6","7-9","4-6","mediocre"
"2021/11/08 9:37:14 PM CET",">18","Maschile","Ios","tanto","ci deve essere un giusto mezzo tra interfacce e funzionalità offerte","2","opzione a sinistra","opzione a destra","opzione a destra","opzione a sinistra","opzione a sinistra","7-9","4-6","7-9","sufficiente"
"2021/11/08 9:41:38 PM CET",">18","Femminile","Android","sufficiente","ci deve essere un giusto mezzo tra interfacce e funzionalità offerte","1","opzione a destra","opzione a sinistra","opzione a sinistra","opzione a destra","opzione a sinistra","0-3","0-3","4-6","sufficiente"
"2021/11/08 9:53:40 PM CET",">18","Femminile","Android","sufficiente","ci deve essere un giusto mezzo tra interfacce e funzionalità offerte","1","opzione a sinistra","opzione a sinistra","opzione a sinistra","opzione a destra","opzione a sinistra","7-9","4-6","4-6","eccellente"
"2021/11/08 10:01:34 PM CET",">18","Femminile","Android","sufficiente","ci deve essere un giusto mezzo tra interfacce e funzionalità offerte","1","opzione a sinistra","opzione a destra","opzione a sinistra","opzione a sinistra","opzione a sinistra","7-9","4-6","7-9","sufficiente"
"2021/11/08 10:11:13 PM CET",">18","Maschile","Android","tanto","ci deve essere un giusto mezzo tra interfacce e funzionalità offerte","2","opzione a destra","opzione a sinistra","opzione a sinistra","opzione a destra","opzione a sinistra","7-9","7-9","7-9","sufficiente"
"2021/11/08 10:21:37 PM CET",">18","Femminile","Ios","sufficiente","ci deve essere un giusto mezzo tra interfacce e funzionalità offerte","2","opzione a destra","opzione a destra","opzione a sinistra","opzione a sinistra","opzione a sinistra","4-6","4-6","7-9","sufficiente"
"2021/11/08 10:23:32 PM CET",">18","Maschile","Ios","poco","ci deve essere un giusto mezzo tra interfacce e funzionalità offerte","2","opzione a sinistra","opzione a destra","opzione a destra","opzione a destra","opzione a sinistra","7-9","7-9","4-6","eccellente"
"2021/11/08 10:35:54 PM CET",">18","Maschile","Android","sufficiente","per me sono importanti le funzionalità offerte dal sistema","2","opzione a sinistra","opzione a destra","opzione a sinistra","opzione a sinistra","opzione a sinistra","7-9","7-9","7-9","sufficiente"
"2021/11/08 10:36:01 PM CET",">18","Femminile","Ios","tanto","per me sono importanti le funzionalità offerte dal sistema","1","opzione a sinistra","opzione a destra","opzione a destra","opzione a destra","opzione a sinistra","7-9","4-6","4-6","sufficiente"
"2021/11/08 10:37:02 PM CET",">18","Femminile","Android","tanto","ci deve essere un giusto mezzo tra interfacce e funzionalità offerte","1","opzione a destra","opzione a destra","opzione a sinistra","opzione a destra","opzione a sinistra","4-6","7-9","0-3","mediocre"
"2021/11/08 10:40:46 PM CET",">18","Femminile","Ios","tanto","ci deve essere un giusto mezzo tra interfacce e funzionalità offerte","1","opzione a sinistra","opzione a destra","opzione a destra","opzione a sinistra","opzione a sinistra","7-9","4-6","4-6","sufficiente"
"2021/11/08 10:41:19 PM CET","<18","Femminile","Ios","tanto","per me sono importanti le funzionalità offerte dal sistema","2","opzione a sinistra","opzione a destra","opzione a sinistra","opzione a sinistra","opzione a sinistra","10","4-6","10","dovrebbe essere rifatta"
"2021/11/08 10:41:43 PM CET",">18","Femminile","Ios","tanto","ci deve essere un giusto mezzo tra interfacce e funzionalità offerte","2","opzione a sinistra","opzione a destra","opzione a destra","opzione a destra","opzione a destra","7-9","4-6","10","sufficiente"
"2021/11/08 10:42:40 PM CET",">18","Maschile","Ios","tanto","ci deve essere un giusto mezzo tra interfacce e funzionalità offerte","2","opzione a sinistra","opzione a destra","opzione a destra","opzione a destra","opzione a sinistra","7-9","4-6","7-9","mediocre"
"2021/11/08 10:42:42 PM CET",">18","Femminile","Ios","tanto","per me sono importanti le funzionalità offerte dal sistema","1","opzione a sinistra","opzione a destra","opzione a sinistra","opzione a destra","opzione a sinistra","4-6","4-6","0-3","mediocre"
"2021/11/08 10:45:32 PM CET",">18","Femminile","Ios","sufficiente","ci deve essere un giusto mezzo tra interfacce e funzionalità offerte","1","opzione a sinistra","opzione a destra","opzione a destra","opzione a sinistra","opzione a sinistra","7-9","0-3","4-6","mediocre"
"2021/11/08 10:45:37 PM CET",">18","Femminile","Ios","tanto","ci deve essere un giusto mezzo tra interfacce e funzionalità offerte","1","opzione a sinistra","opzione a sinistra","opzione a sinistra","opzione a destra","opzione a sinistra","7-9","4-6","4-6","sufficiente"
"2021/11/08 10:47:18 PM CET",">18","Femminile","Ios","tanto","ci deve essere un giusto mezzo tra interfacce e funzionalità offerte","1","opzione a sinistra","opzione a destra","","opzione a destra","opzione a sinistra","7-9","7-9","7-9","sufficiente"
"2021/11/08 10:47:22 PM CET",">18","Maschile","Android","tanto","ci deve essere un giusto mezzo tra interfacce e funzionalità offerte","2","opzione a sinistra","opzione a destra","opzione a sinistra","opzione a destra","opzione a destra","10","4-6","10","eccellente"
"2021/11/08 10:48:10 PM CET",">18","Maschile","Android","sufficiente","ci deve essere un giusto mezzo tra interfacce e funzionalità offerte","2","opzione a sinistra","opzione a sinistra","opzione a destra","opzione a destra","opzione a sinistra","7-9","4-6","4-6","sufficiente"
"2021/11/08 10:48:33 PM CET",">18","Femminile","Ios","tanto","ci deve essere un giusto mezzo tra interfacce e funzionalità offerte","2","opzione a sinistra","opzione a destra","opzione a sinistra","opzione a destra","opzione a sinistra","7-9","4-6","4-6","eccellente"
"2021/11/08 10:48:42 PM CET",">18","Femminile","Android","sufficiente","ci deve essere un giusto mezzo tra interfacce e funzionalità offerte","1","opzione a sinistra","opzione a destra","opzione a sinistra","opzione a sinistra","opzione a sinistra","7-9","7-9","7-9","eccellente"
"2021/11/08 10:48:53 PM CET",">18","Maschile","Android","tanto","ci deve essere un giusto mezzo tra interfacce e funzionalità offerte","2","opzione a sinistra","opzione a sinistra","opzione a destra","opzione a destra","opzione a sinistra","7-9","7-9","4-6","mediocre"
"2021/11/08 10:50:11 PM CET",">18","Femminile","Android","tanto","ci deve essere un giusto mezzo tra interfacce e funzionalità offerte","1","opzione a sinistra","opzione a destra","opzione a sinistra","opzione a destra","opzione a sinistra","4-6","7-9","0-3","mediocre"
"2021/11/08 10:50:47 PM CET",">18","Maschile","Android","tanto","ci deve essere un giusto mezzo tra interfacce e funzionalità offerte","2","opzione a sinistra","opzione a sinistra","opzione a sinistra","opzione a destra","opzione a sinistra","7-9","4-6","4-6","sufficiente"
"2021/11/08 10:53:50 PM CET",">18","Maschile","Android","sufficiente","ci deve essere un giusto mezzo tra interfacce e funzionalità offerte","2","opzione a sinistra","opzione a destra","opzione a sinistra","opzione a sinistra","opzione a sinistra","7-9","4-6","7-9","sufficiente"
"2021/11/08 10:57:02 PM CET",">18","Femminile","Ios","sufficiente","ci deve essere un giusto mezzo tra interfacce e funzionalità offerte","1","opzione a sinistra","opzione a sinistra","opzione a destra","opzione a destra","opzione a sinistra","7-9","7-9","4-6","dovrebbe essere rifatta"
"2021/11/08 11:04:42 PM CET","<18","Femminile","Ios","sufficiente","ci deve essere un giusto mezzo tra interfacce e funzionalità offerte","2","opzione a sinistra","opzione a destra","opzione a sinistra","opzione a destra","opzione a destra","7-9","7-9","0-3","mediocre"
"2021/11/08 11:13:38 PM CET",">18","Maschile","Android","tanto","per me è importante l'effetto visivo delle interfacce che compongono l'applicazione","2","opzione a sinistra","opzione a destra","opzione a sinistra","opzione a destra","opzione a destra","7-9","0-3","4-6","mediocre"
"2021/11/08 11:14:56 PM CET",">18","Maschile","Ios","tanto","ci deve essere un giusto mezzo tra interfacce e funzionalità offerte","1","opzione a sinistra","opzione a destra","opzione a sinistra","opzione a destra","opzione a sinistra","7-9","4-6","4-6","eccellente"
"2021/11/08 11:19:33 PM CET",">18","Femminile","Ios","sufficiente","ci deve essere un giusto mezzo tra interfacce e funzionalità offerte","1","opzione a destra","opzione a destra","opzione a destra","opzione a destra","opzione a destra","7-9","4-6","4-6","dovrebbe essere rifatta"
"2021/11/08 11:20:29 PM CET",">18","Femminile","Ios","poco","ci deve essere un giusto mezzo tra interfacce e funzionalità offerte","2","opzione a destra","opzione a destra","opzione a destra","opzione a destra","opzione a destra","4-6","4-6","0-3","sufficiente"
"2021/11/08 11:22:30 PM CET",">18","Femminile","Android","tanto","ci deve essere un giusto mezzo tra interfacce e funzionalità offerte","2","opzione a sinistra","opzione a sinistra","opzione a destra","opzione a destra","opzione a sinistra","7-9","4-6","4-6","sufficiente"
"2021/11/08 11:27:35 PM CET",">18","Femminile","Ios","sufficiente","ci deve essere un giusto mezzo tra interfacce e funzionalità offerte","2","opzione a sinistra","opzione a destra","opzione a destra","opzione a sinistra","opzione a sinistra","7-9","4-6","7-9","eccellente"
"2021/11/09 12:04:35 AM CET",">18","Maschile","Android","tanto","ci deve essere un giusto mezzo tra interfacce e funzionalità offerte","2","opzione a sinistra","opzione a sinistra","opzione a sinistra","opzione a destra","opzione a sinistra","7-9","4-6","4-6","sufficiente"
"2021/11/09 1:02:36 AM CET",">18","Maschile","Ios","sufficiente","per me è importante l'effetto visivo delle interfacce che compongono l'applicazione","2","opzione a sinistra","opzione a sinistra","opzione a sinistra","opzione a destra","opzione a sinistra","7-9","4-6","7-9","sufficiente"
"2021/11/09 1:25:38 AM CET",">18","Femminile","Android","sufficiente","per me sono importanti le funzionalità offerte dal sistema","2","opzione a sinistra","opzione a destra","opzione a sinistra","opzione a destra","opzione a sinistra","10","4-6","4-6","sufficiente"
"2021/11/09 2:06:05 AM CET",">18","Femminile","Ios","tanto","ci deve essere un giusto mezzo tra interfacce e funzionalità offerte","1","opzione a sinistra","opzione a sinistra","opzione a destra","opzione a destra","opzione a sinistra","7-9","0-3","0-3","dovrebbe essere rifatta"
"2021/11/09 2:38:59 AM CET",">18","Femminile","Ios","sufficiente","ci deve essere un giusto mezzo tra interfacce e funzionalità offerte","1","opzione a sinistra","opzione a sinistra","opzione a sinistra","opzione a destra","opzione a sinistra","10","4-6","4-6","sufficiente"
"2021/11/09 6:43:12 AM CET",">18","Maschile","Android","poco","ci deve essere un giusto mezzo tra interfacce e funzionalità offerte","2","opzione a sinistra","opzione a destra","opzione a sinistra","opzione a destra","opzione a sinistra","7-9","4-6","4-6","mediocre"
"2021/11/09 7:50:17 AM CET",">18","Maschile","Ios","sufficiente","ci deve essere un giusto mezzo tra interfacce e funzionalità offerte","2","opzione a sinistra","opzione a sinistra","opzione a sinistra","opzione a sinistra","opzione a sinistra","0-3","0-3","0-3","dovrebbe essere rifatta"
"2021/11/09 10:14:41 AM CET",">18","Maschile","Android","tanto","ci deve essere un giusto mezzo tra interfacce e funzionalità offerte","2","opzione a sinistra","opzione a sinistra","opzione a sinistra","opzione a destra","opzione a sinistra","10","0-3","10","sufficiente"
"2021/11/09 10:28:25 AM CET",">18","Maschile","Android","tanto","ci deve essere un giusto mezzo tra interfacce e funzionalità offerte","1","opzione a sinistra","opzione a sinistra","opzione a sinistra","opzione a destra","opzione a sinistra","7-9","7-9","10","eccellente"
"2021/11/09 11:16:51 AM CET",">18","Femminile","Ios","sufficiente","ci deve essere un giusto mezzo tra interfacce e funzionalità offerte","1","opzione a sinistra","opzione a sinistra","opzione a sinistra","opzione a destra","opzione a sinistra","7-9","10","4-6","mediocre"
"2021/11/09 11:20:33 AM CET",">18","Femminile","Android","sufficiente","per me sono importanti le funzionalità offerte dal sistema","1","opzione a sinistra","opzione a sinistra","opzione a sinistra","opzione a destra","opzione a sinistra","4-6","4-6","4-6","mediocre"
"2021/11/09 11:37:19 AM CET",">18","Femminile","Ios","tanto","per me è importante l'effetto visivo delle interfacce che compongono l'applicazione","1","opzione a sinistra","opzione a sinistra","opzione a sinistra","opzione a destra","opzione a sinistra","7-9","0-3","4-6","sufficiente"
"2021/11/09 11:39:04 AM CET",">18","Femminile","Android","sufficiente","ci deve essere un giusto mezzo tra interfacce e funzionalità offerte","2","opzione a destra","opzione a destra","opzione a sinistra","opzione a sinistra","opzione a sinistra","7-9","4-6","0-3","sufficiente"
"2021/11/09 11:47:15 AM CET","<18","Femminile","Android","tanto","ci deve essere un giusto mezzo tra interfacce e funzionalità offerte","2","opzione a sinistra","opzione a destra","opzione a sinistra","opzione a sinistra","opzione a sinistra","7-9","7-9","7-9","eccellente"
"2021/11/09 12:21:28 PM CET",">18","Femminile","Ios","tanto","ci deve essere un giusto mezzo tra interfacce e funzionalità offerte","1","opzione a sinistra","opzione a sinistra","opzione a sinistra","opzione a destra","opzione a sinistra","4-6","4-6","4-6","mediocre"
"2021/11/09 2:26:45 PM CET","<18","Femminile","Ios","tanto","per me sono importanti le funzionalità offerte dal sistema","2","opzione a sinistra","opzione a sinistra","opzione a sinistra","opzione a sinistra","opzione a sinistra","4-6","4-6","7-9","sufficiente"
"2021/11/09 2:47:31 PM CET",">18","Maschile","Android","tanto","ci deve essere un giusto mezzo tra interfacce e funzionalità offerte","1","opzione a sinistra","opzione a destra","opzione a sinistra","opzione a destra","opzione a sinistra","7-9","4-6","4-6","sufficiente"
"2021/11/09 4:38:12 PM CET","<18","Maschile","Android","tanto","per me sono importanti le funzionalità offerte dal sistema","1","opzione a sinistra","opzione a sinistra","opzione a destra","opzione a sinistra","opzione a sinistra","10","4-6","7-9","mediocre"
"2021/11/09 4:47:31 PM CET","<18","Maschile","Android","tanto","ci deve essere un giusto mezzo tra interfacce e funzionalità offerte","1","opzione a sinistra","opzione a sinistra","opzione a sinistra","opzione a destra","opzione a sinistra","4-6","7-9","4-6","sufficiente"
"2021/11/09 4:49:00 PM CET",">18","Femminile","Android","sufficiente","ci deve essere un giusto mezzo tra interfacce e funzionalità offerte","1","opzione a sinistra","opzione a destra","opzione a sinistra","opzione a destra","opzione a destra","7-9","7-9","7-9","mediocre"
"2021/11/09 4:49:02 PM CET",">18","Maschile","Android","poco","per me sono importanti le funzionalità offerte dal sistema","2","opzione a sinistra","opzione a destra","opzione a destra","opzione a destra","opzione a destra","4-6","7-9","0-3","eccellente"
"2021/11/09 4:57:22 PM CET",">18","Maschile","Android","sufficiente","ci deve essere un giusto mezzo tra interfacce e funzionalità offerte","1","opzione a sinistra","opzione a destra","opzione a sinistra","opzione a sinistra","opzione a sinistra","7-9","4-6","4-6","sufficiente"
"2021/11/09 5:07:49 PM CET",">18","Femminile","Android","sufficiente","ci deve essere un giusto mezzo tra interfacce e funzionalità offerte","1","opzione a sinistra","opzione a sinistra","opzione a sinistra","opzione a destra","opzione a sinistra","7-9","4-6","4-6","mediocre"
"2021/11/09 5:39:26 PM CET",">18","Maschile","Android","sufficiente","per me sono importanti le funzionalità offerte dal sistema","2","opzione a sinistra","opzione a destra","opzione a sinistra","opzione a destra","opzione a sinistra","4-6","4-6","7-9","dovrebbe essere rifatta"
"2021/11/09 5:47:26 PM CET",">18","Maschile","Android","sufficiente","ci deve essere un giusto mezzo tra interfacce e funzionalità offerte","2","opzione a sinistra","opzione a sinistra","opzione a destra","opzione a destra","opzione a sinistra","7-9","4-6","4-6","eccellente"
"2021/11/09 6:00:25 PM CET",">18","Maschile","Android","sufficiente","ci deve essere un giusto mezzo tra interfacce e funzionalità offerte","2","opzione a sinistra","opzione a destra","opzione a sinistra","opzione a sinistra","opzione a sinistra","7-9","7-9","7-9","eccellente"
"2021/11/09 8:31:33 PM CET",">18","Femminile","Android","tanto","ci deve essere un giusto mezzo tra interfacce e funzionalità offerte","2","opzione a sinistra","opzione a destra","opzione a sinistra","opzione a destra","opzione a sinistra","7-9","4-6","4-6","sufficiente"
"2021/11/09 8:51:36 PM CET",">18","Femminile","Ios","sufficiente","ci deve essere un giusto mezzo tra interfacce e funzionalità offerte","1","opzione a sinistra","opzione a sinistra","opzione a sinistra","opzione a destra","opzione a sinistra","4-6","0-3","4-6","dovrebbe essere rifatta"
"2021/11/09 9:07:36 PM CET",">18","Maschile","Android","sufficiente","ci deve essere un giusto mezzo tra interfacce e funzionalità offerte","2","opzione a sinistra","opzione a sinistra","opzione a sinistra","opzione a destra","opzione a sinistra","4-6","4-6","7-9","eccellente"
"2021/11/09 9:22:20 PM CET",">18","Maschile","Android","poco","per me sono importanti le funzionalità offerte dal sistema","1","opzione a sinistra","opzione a destra","opzione a sinistra","opzione a destra","opzione a sinistra","7-9","0-3","4-6","sufficiente"